tier,alpha,mode,runs,eval_revenue_mean_mean,eval_revenue_mean_std,eval_reward_mean_mean,eval_reward_mean_std,eval_coi_level_mean_mean,eval_coi_level_mean_std,eval_margin_mean_mean,eval_margin_mean_std,objective_score_mean,objective_score_std,train_alpha_adv_mean,train_alpha_adv_std
dqn,0.0,no_robust,2,358369.40933039243,3531.782519351935,332534.46523867303,114183.5587841961,137.30089123035202,0.8184776440325546,0.9316352418598786,0.0006839003676302996,332534.46523867303,114183.5587841961,,
dqn,0.0,robust,5,327060.42191627494,24311.17412598574,330624.7224979635,62834.39223547943,134.40264757358202,6.160000643680792,0.9296631776227853,0.004262039730140749,330624.7224979635,62834.39223547943,0.17835000000000004,0.08829347371125472
dqn,0.1,no_robust,4,338912.58043645386,19584.736810155388,352449.13650924934,34076.74819101191,135.58860029055563,3.4055508991301524,0.9304589585186211,0.0023438665484978773,352449.13650924934,34076.74819101191,0.0999999999999998,0.0
dqn,0.1,robust,8,331189.03768078494,8060.912085646968,278209.7627908887,57861.69545853692,137.33218367069745,0.43113256118808096,0.931648154732905,0.000296560958972609,278209.7627908887,57861.69545853692,0.2761979166666664,0.09826648189130198
dqn,0.25,no_robust,3,333324.4996115304,6101.717861804452,258281.15112936878,46772.05216097596,137.2201692904545,0.9866477887862672,0.9315871706751672,0.0006356053229300815,258281.15112936878,46772.05216097596,0.25,0.0
dqn,0.25,robust,7,320979.6714216629,7345.8761269427705,351435.18740515393,40320.63699261721,137.25231473995316,0.3527287960309152,0.9316048080097395,0.0002575240668471541,351435.18740515393,40320.63699261721,0.39530952380952394,0.073021206240698
dqn,0.4,no_robust,10,316521.94295076875,3631.1820920182718,315859.66987697606,59129.03566963754,136.50715652926755,0.5085743959240285,0.931261495881483,0.00031280530251053175,315859.66987697606,59129.03566963754,0.3999999999999993,0.0
dqn,0.4,robust,5,308705.6422445519,10654.571556448245,273496.9231922617,68868.59270778317,137.13228376363833,0.9543108715306617,0.9315365574335323,0.0006302636717132419,273496.9231922617,68868.59270778317,0.49856666666666677,0.05745573175159429
dqn,0.6,no_robust,4,302011.2988903938,2354.1141598720183,280836.828756133,58683.00124997926,137.4522093492651,0.4692723362517602,0.9317606434396914,0.0003317518021682495,280836.828756133,58683.00124997926,0.600000000000001,0.0
dqn,0.6,robust,5,285861.2870026513,10386.571631344234,252328.08164747176,59388.56063758225,136.8191461176243,1.0629203361893034,0.9314152691051373,0.0005692783702932289,252328.08164747176,59388.56063758225,0.7361999999999991,0.07108625433623189
dqn,0.8,no_robust,6,282459.51189759385,2625.018247527438,273845.72691287595,66378.16690732416,137.4075681801531,0.29728950101826707,0.9317196295169007,0.00022799290978965786,273845.72691287595,66378.16690732416,0.7999999999999985,0.0
dqn,0.8,robust,7,264267.62923122395,6771.288971321149,218548.7825016336,50043.2009443344,136.61083454541807,1.2319662937254596,0.9310772310393415,0.0010118564779437284,218548.7825016336,50043.2009443344,0.9532857142857143,0.04709817507333055
linear,0.0,no_robust,8,350250.9723061577,3156.286820918861,304636.59490360576,71682.88027353655,134.2397614654424,0.32611787466946035,0.9302824910938235,0.00024020749661685483,304636.59490360576,71682.88027353655,,
linear,0.0,robust,9,335283.29842027643,7707.594869976611,284529.36318678834,55524.58819004573,134.1784835571803,0.4477314164684001,0.9302064136530284,0.00034781034181738526,284529.36318678834,55524.58819004573,,
linear,0.1,no_robust,5,342052.1032713031,2576.546352056584,365492.17954557994,44890.93522299766,134.65068807375954,0.2181027640393531,0.930569018064469,0.00014058935916940913,365492.17954557994,44890.93522299766,,
linear,0.1,robust,3,317520.7033697644,4796.580459456527,268822.39599036984,39256.421140635124,134.28259038297355,0.24570499109363475,0.9303174892809594,0.00018817899183709092,268822.39599036984,39256.421140635124,,
linear,0.25,no_robust,9,328288.0441241802,2178.525494145428,330011.0898339667,38591.36053388808,134.48799697074742,0.2199303973026469,0.9304619997297959,0.00015341642413402035,330011.0898339667,38591.36053388808,,
linear,0.25,robust,6,313447.18464460893,11811.426711620714,303500.9103775427,63358.917144214036,134.3506492062661,0.2947034403278951,0.9303678834855621,0.00021446628431268986,303500.9103775427,63358.917144214036,,
linear,0.4,no_robust,11,313414.0672597746,1982.9537556159262,297576.7714904776,69396.90446617964,134.2708754290745,0.3062093691351849,0.9302780292522507,0.00023067974755288992,297576.7714904776,69396.90446617964,,
linear,0.4,robust,4,296217.3030037579,5109.898340355844,223056.66939230284,38293.73688466607,134.3930461989178,0.12347753686382154,0.9303851681232489,7.324605809708878e-05,223056.66939230284,38293.73688466607,,
linear,0.6,no_robust,3,294227.64307441004,2081.9176570448135,272686.62176604365,66672.50905805513,134.24327165069943,0.30764332256042104,0.9301795837547151,0.00020453921786790446,272686.62176604365,66672.50905805513,,
linear,0.6,robust,5,279943.5769165236,9866.031719660255,311104.3403319788,28363.930707781863,134.48578626304214,0.21280262186464388,0.9304402649517088,0.00020533894868120649,311104.3403319788,28363.930707781863,,
linear,0.8,no_robust,11,275586.89347174135,1618.038877505867,244268.4832547461,56201.44465269986,134.36933631960773,0.2845660213184439,0.9303723007028001,0.00017640716421186918,244268.4832547461,56201.44465269986,,
linear,0.8,robust,4,264746.4048959568,7976.6279174956235,260018.06433340814,57942.49882730146,134.3973875801433,0.31511916357643405,0.9304259195293998,0.00023606570471334208,260018.06433340814,57942.49882730146,,
qtable,0.0,no_robust,8,228675.52179404112,103199.70453252994,159575.94976328663,95848.81008103945,97.07014413321637,33.0637115678536,0.8925069648229078,0.04890522141482132,159575.94976328663,95848.81008103945,0.0,0.0
qtable,0.0,robust,9,210031.0645056426,84361.3834579348,192569.37544387113,116824.7880426837,107.43992336086447,21.41128645838254,0.9110738623425454,0.019188350719133364,192569.37544387113,116824.7880426837,0.11839814814814797,0.061909456985161225
qtable,0.1,no_robust,5,271809.0706466638,14898.209045050968,242616.60384397948,49181.45526408063,114.75666919996793,3.461383158930426,0.9189538140159812,0.002294693249439748,242616.60384397948,49181.45526408063,0.0999999999999998,0.0
qtable,0.1,robust,6,259259.66979111428,102995.29934229614,205408.80683136024,94155.1845420674,114.84507499572386,36.206421837506966,0.9076759158182646,0.048591979839360346,205408.80683136024,94155.1845420674,0.17577777777777767,0.06720562696899951
qtable,0.25,no_robust,5,281190.01916657295,70274.10208723843,252358.2126733039,129868.46825082717,126.29784427276161,15.368804047323954,0.9253103453385114,0.009044883517550522,252358.2126733039,129868.46825082717,0.25,0.0
qtable,0.25,robust,6,279655.6664235949,93056.2549557545,270791.6493078149,116021.46257259768,125.72023167886748,26.760714047253796,0.9219940068478834,0.022785695882060884,270791.6493078149,116021.46257259768,0.3681458333333334,0.08845114686619042
qtable,0.4,no_robust,6,287140.4669895195,32698.16434426399,287292.23388022534,83855.95000252876,127.07104066863859,9.200301166154173,0.9165535777734913,0.01306001923887748,287292.23388022534,83855.95000252876,0.3999999999999993,0.0
qtable,0.4,robust,8,271994.2088134287,79259.3185780895,249928.00800228326,88265.30801790548,127.53218784138639,23.406428094683015,0.9236582230962452,0.020073747007871224,249928.00800228326,88265.30801790548,0.510104166666667,0.09294655989347765
qtable,0.6,no_robust,6,243563.64469828535,67006.60707045678,199430.98211127534,79119.52886604435,121.15594411011905,17.91243944823949,0.9217533740470492,0.011558797825966702,199430.98211127534,79119.52886604435,0.600000000000001,0.0
qtable,0.6,robust,6,233986.0661496293,43155.478617087436,180342.8297722066,48117.79957836251,122.06411912587582,12.160951090203252,0.9233054544895802,0.006840854872863436,180342.8297722066,48117.79957836251,0.7698333333333333,0.09107066853090896
qtable,0.8,no_robust,2,267787.4017455507,1552.038101264713,217510.87340156303,45358.788584678456,133.9448981157492,0.47346860040111405,0.9293224278749692,0.0002998116010539045,217510.87340156303,45358.788584678456,0.7999999999999985,0.0
qtable,0.8,robust,5,215035.72080870424,32869.73253165852,201002.66408757586,63247.67956376057,118.92244403466557,8.586916805142152,0.9215306031138815,0.004644709320891907,201002.66408757586,63247.67956376057,0.9112000000000002,0.07381653307732307
static,0.0,no_robust,6,91388.75248869567,13415.65534300268,56431.15832748852,8525.098185703384,69.77689967440658,3.670744870085874,0.8715688236409825,0.005831496806767582,56431.15832748852,8525.098185703384,,
static,0.0,robust,5,86605.88143558228,7614.909395960895,70842.62730546412,8033.737230392738,71.08396037634955,3.6802889678420283,0.8741062925938301,0.005083911544334936,70842.62730546412,8033.737230392738,,
static,0.1,no_robust,5,86668.90445290186,8037.955688932984,65623.40881389238,19329.448262530004,71.73199185012882,4.199046495412734,0.874577067494122,0.006610505646022198,65623.40881389238,19329.448262530004,,
static,0.1,robust,8,88298.35690575185,9576.838833058617,60276.33022450666,13359.490452744656,72.0920243339594,6.7706096714767865,0.8745305748491641,0.010083585815241344,60276.33022450666,13359.490452744656,,
static,0.25,no_robust,6,95581.63603909909,8345.698435455577,85253.22060752509,13111.526873622026,74.43788116042678,2.1078820386097368,0.8774483618896327,0.0037254791853004897,85253.22060752509,13111.526873622026,,
static,0.25,robust,5,85642.97376233719,9472.880627242153,61637.13336374452,15937.429780623212,71.38649508309966,4.0264905454627264,0.8739285904097794,0.005323853359397925,61637.13336374452,15937.429780623212,,
static,0.4,no_robust,4,84465.04245981346,12101.831388745604,63613.81812329075,7778.361846092061,67.5782271530322,3.9088888968092,0.8666205147756862,0.007149121199217965,63613.81812329075,7778.361846092061,,
static,0.4,robust,3,86315.88251933573,8642.748496122398,78672.47758108922,17823.74997200773,71.24783962051879,2.790416943786253,0.8733839625792507,0.005990544453538607,78672.47758108922,17823.74997200773,,
static,0.6,no_robust,5,81385.88962988024,12343.523894997037,64752.43216774836,23486.779472906223,71.36959177224794,5.100226704959064,0.874353948320141,0.007787250295491337,64752.43216774836,23486.779472906223,,
static,0.6,robust,6,82424.78357829548,9831.886701625144,58689.56808824368,12672.506035553573,69.65698271038197,3.484982360048201,0.8701253899758701,0.005917711231889304,58689.56808824368,12672.506035553573,,
static,0.8,no_robust,7,73226.06364450825,4447.877985963851,54700.340767716196,14406.881298569717,68.32867561883204,3.68262917356943,0.8679204886788817,0.007467501164611224,54700.340767716196,14406.881298569717,,
static,0.8,robust,3,75922.69770770498,5046.089536162847,54849.564836072976,22780.98012221352,69.17784723148274,1.5268167784698885,0.8711991412754405,0.0033278715575433297,54849.564836072976,22780.98012221352,,
surge,0.0,no_robust,6,11975.290738176132,411.4052900076416,4418.832131346071,896.5828048394391,16.192056219479124,0.8040364003224534,0.4317940274006973,0.008271862690929055,4418.832131346071,896.5828048394391,,
surge,0.0,robust,6,11368.553135742462,623.8217438159004,4174.6562770928085,639.9963040241264,16.20693115067868,0.9853827520149101,0.4337249214539392,0.010371668289035135,4174.6562770928085,639.9963040241264,,
surge,0.1,no_robust,5,11739.084232858655,332.778792718381,5058.659087494994,1110.8409258976824,16.722948073839394,0.6578121995950104,0.4377682402562083,0.005683401047550787,5058.659087494994,1110.8409258976824,,
surge,0.1,robust,2,11908.871668592743,81.41250285550258,4045.8883900289775,784.7169500268457,16.5783528934624,0.4088194924856508,0.4359031943776225,0.004531137621699143,4045.8883900289775,784.7169500268457,,
surge,0.25,no_robust,7,11369.223138855004,236.1121240061105,4754.4980344481255,1038.0550037539617,16.359045119223275,0.3945156775653057,0.4329514652531622,0.0038762110261952457,4754.4980344481255,1038.0550037539617,,
surge,0.25,robust,10,11241.013200689158,684.503587066406,4673.284299575493,1187.78635131025,16.65989576694279,1.0515950311117155,0.4360264800834576,0.009701952962125513,4673.284299575493,1187.78635131025,,
surge,0.4,no_robust,6,11006.168409400554,364.6584583108646,4227.535704048808,1414.7964077877168,16.365391636138824,0.9138430058543858,0.4332855262584901,0.008024003783434592,4227.535704048808,1414.7964077877168,,
surge,0.4,robust,6,10533.13118175624,526.0758051960169,4256.093156292146,783.7965507386594,15.862646418833448,0.7732699435426456,0.42770414581632693,0.008967505611725135,4256.093156292146,783.7965507386594,,
surge,0.6,no_robust,5,10139.2472848498,97.448078425168,3251.037082975553,742.2100315641153,16.26429537781848,0.4432465691073604,0.4329686574409998,0.004121820888165019,3251.037082975553,742.2100315641153,,
surge,0.6,robust,2,10447.04164810777,524.0029334247373,5311.611043281193,1808.6200710093085,16.49826042222505,0.6088756908260344,0.43427092746638946,0.007817511630542989,5311.611043281193,1808.6200710093085,,
surge,0.8,no_robust,3,9678.259826640971,272.83530913170915,3204.3479815026553,556.8799617962688,16.840420745981802,0.4589959822922529,0.43920385308157944,0.004953937449529005,3204.3479815026553,556.8799617962688,,
surge,0.8,robust,3,10101.413689120902,526.8318040489241,4321.442189833087,1284.166148011517,17.737567199677557,0.6586775330563983,0.44627248379841095,0.004644261847052545,4321.442189833087,1284.166148011517,,
