tier,alpha,runs_robust,runs_no_robust,eval_revenue_mean_delta,eval_revenue_mean_delta_pct,eval_reward_mean_delta,eval_reward_mean_delta_pct,eval_coi_level_mean_delta,eval_coi_level_mean_delta_pct,eval_margin_mean_delta,eval_margin_mean_delta_pct,objective_score_delta,objective_score_delta_pct,train_alpha_adv_delta,train_alpha_adv_delta_pct
dqn,0.0,5.0,2.0,-31308.987414117495,-8.73651226889534,-1909.7427407095092,-0.5742991901121623,-2.8982436567700063,-2.1108702433020436,-0.001972064237093285,-0.2116777198290971,-1909.7427407095092,-0.5742991901121623,,
dqn,0.1,8.0,4.0,-7723.542755668925,-2.2789188721535494,-74239.37371836061,-21.063854618469847,1.7435833801418141,1.2859365583872486,0.0011891962142838164,0.1278074871971924,-74239.37371836061,-21.063854618469847,0.17619791666666657,176.19791666666694
dqn,0.25,7.0,3.0,-12344.82818986749,-3.7035466052614323,93154.03627578515,36.06691230407512,0.03214544949867104,0.023426184113378143,1.763733457238459e-05,0.001893256490383175,93154.03627578515,36.06691230407512,0.14530952380952394,58.12380952380958
dqn,0.4,5.0,10.0,-7816.300706216833,-2.4694340725162824,-42362.74668471434,-13.411888482380219,0.6251272343707797,0.4579446603861758,0.0002750615520492605,0.02953644634355915,-42362.74668471434,-13.411888482380219,0.09856666666666747,24.64166666666691
dqn,0.6,5.0,4.0,-16150.011887742497,-5.347485987139731,-28508.74710866122,-10.151356300001888,-0.63306323164079,-0.46056970247177387,-0.00034537433455417155,-0.0370668515552649,-28508.74710866122,-10.151356300001888,0.1361999999999981,22.699999999999644
dqn,0.8,7.0,6.0,-18191.8826663699,-6.440527544692988,-55296.94441124235,-20.19273590083627,-0.796733634735034,-0.579832425016392,-0.0006423984775592029,-0.0689476165584585,-55296.94441124235,-20.19273590083627,0.1532857142857158,19.160714285714512
linear,0.0,9.0,8.0,-14967.67388588126,-4.273413942959129,-20107.23171681742,-6.60039931288617,-0.06127790826209889,-0.04564810574240612,-7.607744079518586e-05,-0.008177885913528719,-20107.23171681742,-6.60039931288617,,
linear,0.1,3.0,5.0,-24531.399901538738,-7.171831328305365,-96669.7835552101,-26.44920711447249,-0.3680976907859872,-0.2733723058172187,-0.0002515287835096469,-0.02702956778346356,-96669.7835552101,-26.44920711447249,,
linear,0.25,6.0,9.0,-14840.859479571285,-4.520682292638562,-26510.179456423968,-8.033117756667396,-0.13734776448131925,-0.10212641096230607,-9.41162442338328e-05,-0.010115001392981545,-26510.179456423968,-8.033117756667396,,
linear,0.4,4.0,11.0,-17196.7642560167,-5.486915251242723,-74520.10209817477,-25.042311510043184,0.12217076984330788,0.09098828726103136,0.00010713887099822461,0.011516865671259795,-74520.10209817477,-25.042311510043184,,
linear,0.6,5.0,3.0,-14284.06615788641,-4.854766876637072,38417.71856593515,14.088596762512362,0.24251461234271687,0.1806530855220358,0.0002606811969937395,0.028024824619509187,38417.71856593515,14.088596762512362,,
linear,0.8,4.0,11.0,-10840.488575784548,-3.933600919557566,15749.581078662042,6.447651726824251,0.028051260535562506,0.020876236575910773,5.361882659971062e-05,0.005763158099097226,15749.581078662042,6.447651726824251,,
qtable,0.0,9.0,8.0,-18644.457288398524,-8.15323701554329,32993.42568058451,20.675688115613053,10.369779227648095,10.682768960780463,0.018566897519637582,2.0803084179092814,32993.42568058451,20.675688115613053,0.11839814814814797,
qtable,0.1,6.0,5.0,-12549.400855549495,-4.616991193742389,-37207.79701261924,-15.336047254435487,0.0884057957559321,0.07703761042583206,-0.01127789819771663,-1.2272540823820444,-37207.79701261924,-15.336047254435487,0.07577777777777787,75.77777777777803
qtable,0.25,6.0,5.0,-1534.3527429780224,-0.5456640130847226,18433.43663451099,7.304472653867784,-0.5776125938941306,-0.45734160960552755,-0.003316338490628068,-0.3584028328803385,18433.43663451099,7.304472653867784,0.1181458333333334,47.258333333333354
qtable,0.4,8.0,6.0,-15146.258176090778,-5.274860187729517,-37364.22587794208,-13.005651205148677,0.4611471727478005,0.3629050099230144,0.0071046453227539,0.7751478467862876,-37364.22587794208,-13.005651205148677,0.11010416666666772,27.52604166666698
qtable,0.6,6.0,6.0,-9577.578548656049,-3.9322693501816666,-19088.152339068736,-9.571307395166029,0.9081750157567683,0.7495917946306662,0.0015520804425310786,0.16838348372043557,-19088.152339068736,-9.571307395166029,0.16983333333333228,28.305555555555333
qtable,0.8,5.0,2.0,-52751.680936846446,-19.699089872409548,-16508.209313987172,-7.589601869470744,-15.022454081083623,-11.215398490282094,-0.007791824761087751,-0.8384414846099099,-16508.209313987172,-7.589601869470744,0.11120000000000174,13.900000000000245
static,0.0,5.0,6.0,-4782.871053113384,-5.233544525848519,14411.4689779756,25.538141347978577,1.307060701942973,1.8731997380823568,0.002537468952847566,0.2911381045328444,14411.4689779756,25.538141347978577,,
static,0.1,8.0,5.0,1629.4524528499896,1.880088900553112,-5347.078589385725,-8.14812684380662,0.3600324838305795,0.5019134064795009,-4.6492644957929485e-05,-0.005316014641356001,-5347.078589385725,-8.14812684380662,,
static,0.25,5.0,6.0,-9938.662276761897,-10.398087633377964,-23616.087243780566,-27.701108621456626,-3.0513860773271233,-4.099238223547561,-0.003519771479853273,-0.40113716461596144,-23616.087243780566,-27.701108621456626,,
static,0.4,3.0,4.0,1850.8400595222774,2.1912497828943436,15058.659457798465,23.67199439061036,3.669612467486587,5.430169778169349,0.006763447803564415,0.7804393835882188,15058.659457798465,23.67199439061036,,
static,0.6,6.0,5.0,1038.893948415236,1.2765037688226162,-6062.864079504681,-9.363144945348399,-1.712609061865976,-2.3996341009364213,-0.0042285583442709385,-0.48362088973179423,-6062.864079504681,-9.363144945348399,,
static,0.8,3.0,7.0,2696.6340631967323,3.6826150812750567,149.22406835677975,0.27280281303997084,0.8491716126507072,1.2427748744725668,0.0032786525965587954,0.3777595573932637,149.22406835677975,0.27280281303997084,,
surge,0.0,6.0,6.0,-606.73760243367,-5.066579306500225,-244.17585425326251,-5.525800641331023,0.014874931199557295,0.09186560988877175,0.0019308940532419272,0.4471794260021321,-244.17585425326251,-5.525800641331023,,
surge,0.1,2.0,5.0,169.78743573408792,1.446343107913299,-1012.7706974660168,-20.02053666691211,-0.14459518037699226,-0.864651254901582,-0.0018650458785858248,-0.4260349899970559,-1012.7706974660168,-20.02053666691211,,
surge,0.25,10.0,7.0,-128.20993816584632,-1.1276930411162496,-81.21373487263281,-1.7081453033360994,0.3008506477195141,1.839047728806548,0.0030750148302954305,0.7102446987902812,-81.21373487263281,-1.7081453033360994,,
surge,0.4,6.0,6.0,-473.03722764431404,-4.297928307550563,28.557452243338048,0.6755106104955642,-0.5027452173053764,-3.072002360121898,-0.005581380442163164,-1.288152985482699,28.557452243338048,0.6755106104955642,,
surge,0.6,2.0,5.0,307.79436325796996,3.0356727142643067,2060.57396030564,63.382050333909866,0.2339650444065704,1.438519400758399,0.001302270025389629,0.30077697380833807,2060.57396030564,63.382050333909866,,
surge,0.8,3.0,3.0,423.15386247993047,4.372210191290083,1117.0942083304312,34.86182570616373,0.8971464536957541,5.327339899805159,0.007068630716831503,1.6094191039618562,1117.0942083304312,34.86182570616373,,
