sweep_id,sweep_full_id,run_id,run_name,state,run_url,created_at,runtime,downloaded_files,history_rows,selected_for_clone,download_error,alpha,n_products,eta_ux,lambda_coi,baseline_mode,no_robust,study_mode,eval_revenue_mean,eval_reward_mean,eval_stress_revenue_worst,eval_stress_reward_worst,eval_supra_share_mean,eval_supra_penalty_mean,eval_volatility_mean,eval_upward_volatility_mean,eval_coi_level_mean,eval_coi_leakage_mean,objective_score,mode
i88nw811,lusiana/capstone_tpu/i88nw811,0yph6ddt,sweep/ppo/sb3/cpu/default/a0.7/baseline/s1337,finished,https://wandb.ai/lusiana/capstone_tpu/runs/0yph6ddt,2026-03-15T13:48:47Z,7579.766959963,0,0,0,,0.7,100.0,0.0,0.05,True,True,baseline,285875.15518050164,266287.2051805016,274356.50146499986,255620.24146499988,0.0,0.0,0.0711188680417482,0.0,137.42722406640746,0.1099719716550294,255620.24146499988,baseline
i88nw811,lusiana/capstone_tpu/i88nw811,bjwmxlf4,sweep/ppo/sb3/cpu/default/a0.9/baseline/s7777,finished,https://wandb.ai/lusiana/capstone_tpu/runs/bjwmxlf4,2026-03-15T13:48:49Z,7514.003863569,0,0,0,,0.9,100.0,0.0,0.05,True,True,baseline,267194.6114143838,248902.78141438385,258791.60782635584,241079.0878263559,0.0,0.0,0.0706779448814682,0.0,137.4716591479769,0.1060063717489262,241079.0878263559,baseline
i88nw811,lusiana/capstone_tpu/i88nw811,afod7srx,sweep/ppo/sb3/cpu/default/a0/baseline/s1337,finished,https://wandb.ai/lusiana/capstone_tpu/runs/afod7srx,2026-03-15T13:48:55Z,8428.923550896,0,0,0,,0.0,100.0,0.0,0.15,True,True,baseline,331626.71399641165,307929.2839964116,301903.22363424243,278909.22363424255,0.0,0.0,0.0699106903089938,0.0,134.44341240328637,0.1239456985672444,278909.22363424255,baseline
i88nw811,lusiana/capstone_tpu/i88nw811,czbwbw4o,sweep/ppo/sb3/cpu/default/a0.3/baseline/s7777,finished,https://wandb.ai/lusiana/capstone_tpu/runs/czbwbw4o,2026-03-15T13:48:55Z,8019.834460958,0,0,0,,0.3,100.0,0.0,0.05,True,True,baseline,325062.60932028474,302657.9893202848,313580.73955351143,292103.1195535114,0.0,0.0,0.0700934793925504,0.0,137.30226556155992,0.1156304945350146,292103.1195535114,baseline
i88nw811,lusiana/capstone_tpu/i88nw811,spncr5i5,sweep/ppo/sb3/cpu/default/a0.4/baseline/s7777,finished,https://wandb.ai/lusiana/capstone_tpu/runs/spncr5i5,2026-03-15T13:48:57Z,7984.536208498,0,0,0,,0.4,100.0,0.0,0.3,True,True,baseline,313890.156459866,292317.566459866,301905.6061551721,281189.2661551722,0.0,0.0,0.0700585666613017,0.0,137.27393385978286,0.1140225013120235,281189.2661551722,baseline
i88nw811,lusiana/capstone_tpu/i88nw811,9utcbgal,sweep/ppo/sb3/cpu/default/a0.6/baseline/s42,finished,https://wandb.ai/lusiana/capstone_tpu/runs/9utcbgal,2026-03-15T13:48:58Z,7794.573495005,0,0,0,,0.6,100.0,0.0,0.3,True,True,baseline,296881.4938150014,276559.4338150014,282693.0664052287,263321.0864052287,0.0,0.0,0.0689497793839256,0.0,137.65459475595475,0.1116745762120893,263321.0864052287,baseline
i88nw811,lusiana/capstone_tpu/i88nw811,6uhc0zfi,sweep/ppo/sb3/cpu/default/a0.1/baseline/s42,finished,https://wandb.ai/lusiana/capstone_tpu/runs/6uhc0zfi,2026-03-15T13:48:59Z,8739.343652451,5,5000,1,,0.1,100.0,0.0,0.3,True,True,baseline,345607.36851277394,321934.388512774,330271.9018417394,307619.2418417394,0.0,0.0,0.0688978199434404,0.0,137.65927138408344,0.1180576040723697,307619.2418417394,baseline
i88nw811,lusiana/capstone_tpu/i88nw811,mid9h16o,sweep/ppo/sb3/cpu/default/a0.3/baseline/s1337,finished,https://wandb.ai/lusiana/capstone_tpu/runs/mid9h16o,2026-03-15T13:48:59Z,7934.709025792,0,0,0,,0.3,100.0,0.0,0.15,True,True,baseline,321120.1030044527,298922.9430044526,312002.2572538445,290604.6972538445,0.0,0.0,0.0725338635316591,0.0,136.9642983472208,0.1152504371251349,290604.6972538445,baseline
i88nw811,lusiana/capstone_tpu/i88nw811,hm8geh95,sweep/ppo/sb3/cpu/default/a0.3/baseline/s1337,finished,https://wandb.ai/lusiana/capstone_tpu/runs/hm8geh95,2026-03-15T13:49:01Z,8324.170881475,0,0,0,,0.3,100.0,0.0,0.05,True,True,baseline,321120.1030044527,298922.9430044526,312002.2572538445,290604.6972538445,0.0,0.0,0.0725338635316591,0.0,136.9642983472208,0.1152504371251349,290604.6972538445,baseline
i88nw811,lusiana/capstone_tpu/i88nw811,2k3bx48e,sweep/ppo/sb3/cpu/default/a0.7/baseline/s42,finished,https://wandb.ai/lusiana/capstone_tpu/runs/2k3bx48e,2026-03-15T13:49:03Z,7579.046562713,0,0,0,,0.7,100.0,0.0,0.3,True,True,baseline,288003.5379862045,268208.7279862045,274205.49798255006,255466.81798255,0.0,0.0,0.0732015803628115,0.0,137.25851714050424,0.1065894678006264,255466.81798255,baseline
i88nw811,lusiana/capstone_tpu/i88nw811,mlcllxuf,sweep/ppo/sb3/cpu/default/a0.3/baseline/s7777,finished,https://wandb.ai/lusiana/capstone_tpu/runs/mlcllxuf,2026-03-15T15:28:13Z,8048.447950291,0,0,0,,0.3,100.0,0.0,0.05,True,True,baseline,325062.60932028474,302657.9893202848,313580.73955351143,292103.1195535114,0.0,0.0,0.0700934793925504,0.0,137.30226556155992,0.1156304945350146,292103.1195535114,baseline
i88nw811,lusiana/capstone_tpu/i88nw811,gsx5p3xl,sweep/ppo/sb3/cpu/default/a0.7/baseline/s7777,finished,https://wandb.ai/lusiana/capstone_tpu/runs/gsx5p3xl,2026-03-15T15:29:00Z,7666.062008427,0,0,0,,0.7,100.0,0.0,0.3,True,True,baseline,286859.8032779717,267231.9932779717,273198.5349293896,254530.3349293896,0.0,0.0,0.0694378534785247,0.0,137.6169536272908,0.1086813731317916,254530.3349293896,baseline
i88nw811,lusiana/capstone_tpu/i88nw811,dh2sidg0,sweep/ppo/sb3/cpu/default/a0.8/baseline/s1337,finished,https://wandb.ai/lusiana/capstone_tpu/runs/dh2sidg0,2026-03-15T15:31:51Z,7450.114589126,0,0,0,,0.8,100.0,0.0,0.3,True,True,baseline,277537.1135308166,258574.23353081665,260525.6140973399,242761.4740973399,0.0,0.0,0.0691119185711536,0.0,137.63850710873982,0.1055234893030045,242761.4740973399,baseline
i88nw811,lusiana/capstone_tpu/i88nw811,izb1xfjn,sweep/ppo/sb3/cpu/default/a0.4/baseline/s7777,finished,https://wandb.ai/lusiana/capstone_tpu/runs/izb1xfjn,2026-03-15T15:38:35Z,8138.431632101,0,0,0,,0.4,100.0,0.0,0.05,True,True,baseline,313890.156459866,292317.566459866,301905.6061551721,281189.2661551722,0.0,0.0,0.0700585666613017,0.0,137.27393385978286,0.1140225013120235,281189.2661551722,baseline
i88nw811,lusiana/capstone_tpu/i88nw811,h5v0bjkk,sweep/ppo/sb3/cpu/default/a1/baseline/s42,finished,https://wandb.ai/lusiana/capstone_tpu/runs/h5v0bjkk,2026-03-15T15:53:08Z,7430.137394885,0,0,0,,1.0,100.0,0.0,0.05,True,True,baseline,258250.4083985968,240558.37839859675,257579.27605596423,239906.35605596425,0.0,0.0,0.0710781742010645,0.0,137.43891114039735,0.1034797519569495,239906.35605596425,baseline
i88nw811,lusiana/capstone_tpu/i88nw811,oo9x7mtj,sweep/ppo/sb3/cpu/default/a0/baseline/s1337,finished,https://wandb.ai/lusiana/capstone_tpu/runs/oo9x7mtj,2026-03-15T17:08:57Z,8434.676111878,0,0,0,,0.0,100.0,0.0,0.15,True,True,baseline,331626.71399641165,307929.2839964116,301903.22363424243,278909.22363424255,0.0,0.0,0.0699106903089938,0.0,134.44341240328637,0.1239456985672444,278909.22363424255,baseline
i88nw811,lusiana/capstone_tpu/i88nw811,2tnqjvsr,sweep/ppo/sb3/cpu/default/a0.2/baseline/s42,finished,https://wandb.ai/lusiana/capstone_tpu/runs/2tnqjvsr,2026-03-15T17:10:41Z,8326.316856098,0,0,0,,0.2,100.0,0.0,0.3,True,True,baseline,333463.32883383776,310606.38883383776,322375.37087837915,300349.6308783791,0.0,0.0,0.0694238399850746,0.0,137.6206723870474,0.1176551945750585,300349.6308783791,baseline
i88nw811,lusiana/capstone_tpu/i88nw811,uwl4b1t4,sweep/ppo/sb3/cpu/default/a0.6/baseline/s7777,finished,https://wandb.ai/lusiana/capstone_tpu/runs/uwl4b1t4,2026-03-15T17:11:41Z,7730.138244902,0,0,0,,0.6,100.0,0.0,0.15,True,True,baseline,293934.0132863448,273673.5532863448,278235.2158621181,259045.3158621181,0.0,0.0,0.0702286844227449,0.0,137.02187396075487,0.1108792101893818,259045.3158621181,baseline
i88nw811,lusiana/capstone_tpu/i88nw811,mq08631s,sweep/ppo/sb3/cpu/default/a0.7/baseline/s7777,finished,https://wandb.ai/lusiana/capstone_tpu/runs/mq08631s,2026-03-15T17:11:46Z,7830.903683379,0,0,0,,0.7,100.0,0.0,0.3,True,True,baseline,286859.8032779717,267231.9932779717,273198.5349293896,254530.3349293896,0.0,0.0,0.0694378534785247,0.0,137.6169536272908,0.1086813731317916,254530.3349293896,baseline
i88nw811,lusiana/capstone_tpu/i88nw811,oenf81vs,sweep/ppo/sb3/cpu/default/a0.9/baseline/s42,finished,https://wandb.ai/lusiana/capstone_tpu/runs/oenf81vs,2026-03-15T17:14:03Z,7571.420325966,0,0,0,,0.9,100.0,0.0,0.15,True,True,baseline,268129.28805568966,249777.98805568964,259354.03651639624,241657.8165163962,0.0,0.0,0.0692141212557269,0.0,137.56737533812094,0.1028102128114812,241657.8165163962,baseline
i88nw811,lusiana/capstone_tpu/i88nw811,imvig8ea,sweep/ppo/sb3/cpu/default/a0.9/baseline/s1337,finished,https://wandb.ai/lusiana/capstone_tpu/runs/imvig8ea,2026-03-15T17:26:17Z,7548.356923917,0,0,0,,0.9,100.0,0.0,0.05,True,True,baseline,269095.26288012683,250709.3028801269,257985.06236888352,240343.2023688835,0.0,0.0,0.0687681637998595,0.0,137.63174822647662,0.1040919495927453,240343.2023688835,baseline
i88nw811,lusiana/capstone_tpu/i88nw811,kc46mwot,sweep/ppo/sb3/cpu/default/a0.9/baseline/s1337,finished,https://wandb.ai/lusiana/capstone_tpu/runs/kc46mwot,2026-03-15T17:36:54Z,7402.437478922,0,0,0,,0.9,100.0,0.0,0.3,True,True,baseline,269095.26288012683,250709.3028801269,257985.06236888352,240343.2023688835,0.0,0.0,0.0687681637998595,0.0,137.63174822647662,0.1040919495927453,240343.2023688835,baseline
i88nw811,lusiana/capstone_tpu/i88nw811,6c5g20m0,sweep/ppo/sb3/cpu/default/a0.4/baseline/s42,finished,https://wandb.ai/lusiana/capstone_tpu/runs/6c5g20m0,2026-03-15T17:39:15Z,7987.751960449,0,0,0,,0.4,100.0,0.0,0.05,True,True,baseline,314792.9405088838,293199.96050888376,304000.02795477153,283160.5079547715,0.0,0.0,0.0706474903672308,0.0,137.54347765167836,0.1134114537317883,283160.5079547715,baseline
i88nw811,lusiana/capstone_tpu/i88nw811,zmfirgme,sweep/ppo/sb3/cpu/default/a0.6/baseline/s42,finished,https://wandb.ai/lusiana/capstone_tpu/runs/zmfirgme,2026-03-15T17:39:38Z,7729.43292327,0,0,0,,0.6,100.0,0.0,0.3,True,True,baseline,296881.4938150014,276559.4338150014,282693.0664052287,263321.0864052287,0.0,0.0,0.0689497793839256,0.0,137.65459475595475,0.1116745762120893,263321.0864052287,baseline
i88nw811,lusiana/capstone_tpu/i88nw811,5w978f6n,sweep/ppo/sb3/cpu/default/a0.2/baseline/s7777,finished,https://wandb.ai/lusiana/capstone_tpu/runs/5w978f6n,2026-03-15T17:42:23Z,8196.563842857,0,0,0,,0.2,100.0,0.0,0.3,True,True,baseline,328662.28105387173,305848.95105387166,316489.4913151873,294621.8913151873,0.0,0.0,0.0726481757500429,0.0,136.60489081120323,0.115056283050696,294621.8913151873,baseline
i88nw811,lusiana/capstone_tpu/i88nw811,v6yuq532,sweep/ppo/sb3/cpu/default/a0.3/baseline/s42,finished,https://wandb.ai/lusiana/capstone_tpu/runs/v6yuq532,2026-03-15T18:27:32Z,8171.524047551,0,0,0,,0.3,100.0,0.0,0.3,True,True,baseline,325536.3728999571,303203.77289995714,311530.19009115506,290169.93009115505,0.0,0.0,0.0690101249418158,0.0,137.57976469566975,0.115140125484157,290169.93009115505,baseline
i88nw811,lusiana/capstone_tpu/i88nw811,wzs4h708,sweep/ppo/sb3/cpu/default/a1/baseline/s42,finished,https://wandb.ai/lusiana/capstone_tpu/runs/wzs4h708,2026-03-15T18:44:40Z,7213.500579862,0,0,0,,1.0,100.0,0.0,0.3,True,True,baseline,258250.4083985968,240558.37839859675,257579.27605596423,239906.35605596425,0.0,0.0,0.0710781742010645,0.0,137.43891114039735,0.1034797519569495,239906.35605596425,baseline
i88nw811,lusiana/capstone_tpu/i88nw811,drjegsa8,sweep/ppo/sb3/cpu/default/a0.8/baseline/s42,finished,https://wandb.ai/lusiana/capstone_tpu/runs/drjegsa8,2026-03-15T18:53:51Z,7642.750902648,0,0,0,,0.8,100.0,0.0,0.05,True,True,baseline,278042.9708277731,258987.21082777312,265119.53279206343,246979.39279206347,0.0,0.0,0.069699479796535,0.0,137.47635104131075,0.1063946886684759,246979.39279206347,baseline
i88nw811,lusiana/capstone_tpu/i88nw811,np3fvzwt,sweep/ppo/sb3/cpu/default/a0.9/baseline/s1337,finished,https://wandb.ai/lusiana/capstone_tpu/runs/np3fvzwt,2026-03-15T18:57:50Z,7300.325366337,0,0,0,,0.9,100.0,0.0,0.3,True,True,baseline,269095.26288012683,250709.3028801269,257985.06236888352,240343.2023688835,0.0,0.0,0.0687681637998595,0.0,137.63174822647662,0.1040919495927453,240343.2023688835,baseline
i88nw811,lusiana/capstone_tpu/i88nw811,kk0sqa97,sweep/ppo/sb3/cpu/default/a0.1/baseline/s1337,finished,https://wandb.ai/lusiana/capstone_tpu/runs/kk0sqa97,2026-03-15T19:06:17Z,8525.177181009,0,0,0,,0.1,100.0,0.0,0.3,True,True,baseline,341404.1205957663,317885.0305957663,329505.50925893825,306817.3492589383,0.0,0.0,0.0685274095002656,0.0,137.33021724658855,0.1206998447923596,306817.3492589383,baseline
i88nw811,lusiana/capstone_tpu/i88nw811,i0rpx1kf,sweep/ppo/sb3/cpu/default/a0.2/baseline/s42,finished,https://wandb.ai/lusiana/capstone_tpu/runs/i0rpx1kf,2026-03-15T19:20:36Z,8356.73493734,0,0,0,,0.2,100.0,0.0,0.05,True,True,baseline,333463.32883383776,310606.38883383776,322375.37087837915,300349.6308783791,0.0,0.0,0.0694238399850746,0.0,137.6206723870474,0.1176551945750585,300349.6308783791,baseline
i88nw811,lusiana/capstone_tpu/i88nw811,lqmaq5g2,sweep/ppo/sb3/cpu/default/a1/baseline/s1337,finished,https://wandb.ai/lusiana/capstone_tpu/runs/lqmaq5g2,2026-03-15T20:02:28Z,7470.274064026,0,0,0,,1.0,100.0,0.0,0.05,True,True,baseline,246584.29279154172,229303.12279154177,244564.78814724492,227386.888147245,0.0,0.0,0.0692074374069363,0.0,135.2844805658817,0.1093837602765936,227386.888147245,baseline
i88nw811,lusiana/capstone_tpu/i88nw811,2umearxm,sweep/ppo/sb3/cpu/default/a0.5/baseline/s1337,finished,https://wandb.ai/lusiana/capstone_tpu/runs/2umearxm,2026-03-15T20:09:56Z,7829.406313163,0,0,0,,0.5,100.0,0.0,0.3,True,True,baseline,303325.5596877454,282520.29968774534,291965.65710567136,271937.69710567134,0.0,0.0,0.0686525035124021,0.0,137.57073544790862,0.1132342695408356,271937.69710567134,baseline
i88nw811,lusiana/capstone_tpu/i88nw811,k7pirqxy,sweep/ppo/sb3/cpu/default/a1/baseline/s7777,finished,https://wandb.ai/lusiana/capstone_tpu/runs/k7pirqxy,2026-03-15T20:33:53Z,7216.626889631,0,0,0,,1.0,100.0,0.0,0.15,True,True,baseline,254537.24517731377,236935.99517731369,254471.2696855663,236912.16968556636,0.0,0.0,0.0703905833083271,0.0,136.6143424312229,0.1038838810036006,236912.16968556636,baseline
i88nw811,lusiana/capstone_tpu/i88nw811,algnjce4,sweep/ppo/sb3/cpu/default/a0.6/baseline/s42,finished,https://wandb.ai/lusiana/capstone_tpu/runs/algnjce4,2026-03-15T20:54:24Z,7739.30650029,0,0,0,,0.6,100.0,0.0,0.05,True,True,baseline,296881.4938150014,276559.4338150014,282693.0664052287,263321.0864052287,0.0,0.0,0.0689497793839256,0.0,137.65459475595475,0.1116745762120893,263321.0864052287,baseline
i88nw811,lusiana/capstone_tpu/i88nw811,vqe2dmcq,sweep/ppo/sb3/cpu/default/a0.4/baseline/s1337,finished,https://wandb.ai/lusiana/capstone_tpu/runs/vqe2dmcq,2026-03-15T21:08:22Z,7815.774646473,0,0,0,,0.4,100.0,0.0,0.05,True,True,baseline,316543.04043212667,294899.01043212664,299980.59649797506,279386.7564979751,0.0,0.0,0.067603468946279,0.0,137.7846896269947,0.1128739206843639,279386.7564979751,baseline
i88nw811,lusiana/capstone_tpu/i88nw811,0xlvpawh,sweep/ppo/sb3/cpu/default/a0.3/baseline/s7777,finished,https://wandb.ai/lusiana/capstone_tpu/runs/0xlvpawh,2026-03-15T21:16:04Z,7997.68392245,0,0,0,,0.3,100.0,0.0,0.15,True,True,baseline,325062.60932028474,302657.9893202848,313580.73955351143,292103.1195535114,0.0,0.0,0.0700934793925504,0.0,137.30226556155992,0.1156304945350146,292103.1195535114,baseline
i88nw811,lusiana/capstone_tpu/i88nw811,bofuxayn,sweep/ppo/sb3/cpu/default/a0.7/baseline/s1337,finished,https://wandb.ai/lusiana/capstone_tpu/runs/bofuxayn,2026-03-15T21:18:05Z,7486.102336723,0,0,0,,0.7,100.0,0.0,0.05,True,True,baseline,285875.15518050164,266287.2051805016,274356.50146499986,255620.24146499988,0.0,0.0,0.0711188680417482,0.0,137.42722406640746,0.1099719716550294,255620.24146499988,baseline
i88nw811,lusiana/capstone_tpu/i88nw811,rujnezt7,sweep/ppo/sb3/cpu/default/a0.5/baseline/s7777,finished,https://wandb.ai/lusiana/capstone_tpu/runs/rujnezt7,2026-03-15T21:20:23Z,7936.01356938,0,0,0,,0.5,100.0,0.0,0.15,True,True,baseline,305342.590984541,284402.02098454104,287794.11179162114,267934.8717916211,0.0,0.0,0.0698329564541014,0.0,137.34875112178105,0.1110975441706762,267934.8717916211,baseline
i88nw811,lusiana/capstone_tpu/i88nw811,f9e6wtv0,sweep/ppo/sb3/cpu/default/a0.7/baseline/s42,finished,https://wandb.ai/lusiana/capstone_tpu/runs/f9e6wtv0,2026-03-15T22:07:04Z,8030.825365422,0,0,0,,0.7,100.0,0.0,0.05,True,True,baseline,288003.5379862045,268208.7279862045,274205.49798255006,255466.81798255,0.0,0.0,0.0732015803628115,0.0,137.25851714050424,0.1065894678006264,255466.81798255,baseline
i88nw811,lusiana/capstone_tpu/i88nw811,r8hsz3ko,sweep/ppo/sb3/cpu/default/a0.7/baseline/s7777,finished,https://wandb.ai/lusiana/capstone_tpu/runs/r8hsz3ko,2026-03-15T22:13:06Z,7691.998775531,0,0,0,,0.7,100.0,0.0,0.3,True,True,baseline,286859.8032779717,267231.9932779717,273198.5349293896,254530.3349293896,0.0,0.0,0.0694378534785247,0.0,137.6169536272908,0.1086813731317916,254530.3349293896,baseline
i88nw811,lusiana/capstone_tpu/i88nw811,yukg46hv,sweep/ppo/sb3/cpu/default/a1/baseline/s7777,finished,https://wandb.ai/lusiana/capstone_tpu/runs/yukg46hv,2026-03-15T23:03:27Z,7094.861108483,0,0,0,,1.0,100.0,0.0,0.15,True,True,baseline,254537.24517731377,236935.99517731369,254471.2696855663,236912.16968556636,0.0,0.0,0.0703905833083271,0.0,136.6143424312229,0.1038838810036006,236912.16968556636,baseline
i88nw811,lusiana/capstone_tpu/i88nw811,e5tciezz,sweep/ppo/sb3/cpu/default/a0.7/baseline/s1337,finished,https://wandb.ai/lusiana/capstone_tpu/runs/e5tciezz,2026-03-16T00:16:08Z,7569.145925588,0,0,0,,0.7,100.0,0.0,0.05,True,True,baseline,285875.15518050164,266287.2051805016,274356.50146499986,255620.24146499988,0.0,0.0,0.0711188680417482,0.0,137.42722406640746,0.1099719716550294,255620.24146499988,baseline
i88nw811,lusiana/capstone_tpu/i88nw811,1rop5sf9,sweep/ppo/sb3/cpu/default/a0.3/baseline/s1337,finished,https://wandb.ai/lusiana/capstone_tpu/runs/1rop5sf9,2026-03-16T00:21:00Z,8354.617713686,0,0,0,,0.3,100.0,0.0,0.05,True,True,baseline,321120.1030044527,298922.9430044526,312002.2572538445,290604.6972538445,0.0,0.0,0.0725338635316591,0.0,136.9642983472208,0.1152504371251349,290604.6972538445,baseline
i88nw811,lusiana/capstone_tpu/i88nw811,7muxpseb,sweep/ppo/sb3/cpu/default/a0.2/baseline/s42,finished,https://wandb.ai/lusiana/capstone_tpu/runs/7muxpseb,2026-03-16T00:21:21Z,8514.602541985,0,0,0,,0.2,100.0,0.0,0.05,True,True,baseline,333463.32883383776,310606.38883383776,322375.37087837915,300349.6308783791,0.0,0.0,0.0694238399850746,0.0,137.6206723870474,0.1176551945750585,300349.6308783791,baseline
i88nw811,lusiana/capstone_tpu/i88nw811,304dyypp,sweep/ppo/sb3/cpu/default/a0.4/baseline/s7777,finished,https://wandb.ai/lusiana/capstone_tpu/runs/304dyypp,2026-03-16T00:37:04Z,7949.736292204,0,0,0,,0.4,100.0,0.0,0.3,True,True,baseline,313890.156459866,292317.566459866,301905.6061551721,281189.2661551722,0.0,0.0,0.0700585666613017,0.0,137.27393385978286,0.1140225013120235,281189.2661551722,baseline
i88nw811,lusiana/capstone_tpu/i88nw811,zbw7nmeo,sweep/ppo/sb3/cpu/default/a0.1/baseline/s7777,finished,https://wandb.ai/lusiana/capstone_tpu/runs/zbw7nmeo,2026-03-16T00:53:02Z,8423.598177489,0,0,0,,0.1,100.0,0.0,0.05,True,True,baseline,340941.7898046945,317438.6698046944,328185.5337341634,305593.15373416344,0.0,0.0,0.0709483560344898,0.0,137.21682561970587,0.1186714838821206,305593.15373416344,baseline
i88nw811,lusiana/capstone_tpu/i88nw811,oxu7rm37,sweep/ppo/sb3/cpu/default/a0.9/baseline/s42,finished,https://wandb.ai/lusiana/capstone_tpu/runs/oxu7rm37,2026-03-16T00:53:31Z,7464.830361968,0,0,0,,0.9,100.0,0.0,0.3,True,True,baseline,268129.28805568966,249777.98805568964,259354.03651639624,241657.8165163962,0.0,0.0,0.0692141212557269,0.0,137.56737533812094,0.1028102128114812,241657.8165163962,baseline
i88nw811,lusiana/capstone_tpu/i88nw811,m78p26vk,sweep/ppo/sb3/cpu/default/a0/baseline/s7777,finished,https://wandb.ai/lusiana/capstone_tpu/runs/m78p26vk,2026-03-16T00:56:58Z,8717.289024041,5,1004,1,,0.0,100.0,0.0,0.15,True,True,baseline,348861.1454509751,324713.0754509751,335967.6160126648,312660.3160126648,0.0,0.0,0.0674835742466741,0.0,136.8813175598437,0.118985751213389,312660.3160126648,baseline
i88nw811,lusiana/capstone_tpu/i88nw811,65zzmszh,sweep/ppo/sb3/cpu/default/a1/baseline/s1337,finished,https://wandb.ai/lusiana/capstone_tpu/runs/65zzmszh,2026-03-16T01:14:03Z,7326.553384609,0,0,0,,1.0,100.0,0.0,0.3,True,True,baseline,246584.29279154172,229303.12279154177,244564.78814724492,227386.888147245,0.0,0.0,0.0692074374069363,0.0,135.2844805658817,0.1093837602765936,227386.888147245,baseline
i88nw811,lusiana/capstone_tpu/i88nw811,47xraqt6,sweep/ppo/sb3/cpu/default/a0.9/baseline/s1337,finished,https://wandb.ai/lusiana/capstone_tpu/runs/47xraqt6,2026-03-16T01:22:01Z,7299.814264453,0,0,0,,0.9,100.0,0.0,0.3,True,True,baseline,269095.26288012683,250709.3028801269,257985.06236888352,240343.2023688835,0.0,0.0,0.0687681637998595,0.0,137.63174822647662,0.1040919495927453,240343.2023688835,baseline
i88nw811,lusiana/capstone_tpu/i88nw811,mibyt0bf,sweep/ppo/sb3/cpu/default/a0.9/baseline/s7777,finished,https://wandb.ai/lusiana/capstone_tpu/runs/mibyt0bf,2026-03-16T01:34:44Z,7541.153639959,0,0,0,,0.9,100.0,0.0,0.3,True,True,baseline,267194.6114143838,248902.78141438385,258791.60782635584,241079.0878263559,0.0,0.0,0.0706779448814682,0.0,137.4716591479769,0.1060063717489262,241079.0878263559,baseline
i88nw811,lusiana/capstone_tpu/i88nw811,8ww25eu1,sweep/ppo/sb3/cpu/default/a0.4/baseline/s7777,finished,https://wandb.ai/lusiana/capstone_tpu/runs/8ww25eu1,2026-03-16T01:45:51Z,8003.812511886,0,0,0,,0.4,100.0,0.0,0.3,True,True,baseline,313890.156459866,292317.566459866,301905.6061551721,281189.2661551722,0.0,0.0,0.0700585666613017,0.0,137.27393385978286,0.1140225013120235,281189.2661551722,baseline
i88nw811,lusiana/capstone_tpu/i88nw811,cxdz0iyj,sweep/ppo/sb3/cpu/default/a0.6/baseline/s7777,finished,https://wandb.ai/lusiana/capstone_tpu/runs/cxdz0iyj,2026-03-16T01:50:19Z,7623.493600288,0,0,0,,0.6,100.0,0.0,0.3,True,True,baseline,293934.0132863448,273673.5532863448,278235.2158621181,259045.3158621181,0.0,0.0,0.0702286844227449,0.0,137.02187396075487,0.1108792101893818,259045.3158621181,baseline
i88nw811,lusiana/capstone_tpu/i88nw811,1aeqr4sw,sweep/ppo/sb3/cpu/default/a1/baseline/s7777,finished,https://wandb.ai/lusiana/capstone_tpu/runs/1aeqr4sw,2026-03-16T01:58:10Z,7156.375097998,0,0,0,,1.0,100.0,0.0,0.3,True,True,baseline,254537.24517731377,236935.99517731369,254471.2696855663,236912.16968556636,0.0,0.0,0.0703905833083271,0.0,136.6143424312229,0.1038838810036006,236912.16968556636,baseline
i88nw811,lusiana/capstone_tpu/i88nw811,7sgqchvk,sweep/ppo/sb3/cpu/default/a0.9/baseline/s7777,finished,https://wandb.ai/lusiana/capstone_tpu/runs/7sgqchvk,2026-03-16T02:09:14Z,7268.202978965,0,0,0,,0.9,100.0,0.0,0.15,True,True,baseline,267194.6114143838,248902.78141438385,258791.60782635584,241079.0878263559,0.0,0.0,0.0706779448814682,0.0,137.4716591479769,0.1060063717489262,241079.0878263559,baseline
i88nw811,lusiana/capstone_tpu/i88nw811,3s777ena,sweep/ppo/sb3/cpu/default/a0.5/baseline/s1337,finished,https://wandb.ai/lusiana/capstone_tpu/runs/3s777ena,2026-03-16T02:14:54Z,7762.769931002,0,0,0,,0.5,100.0,0.0,0.05,True,True,baseline,303325.5596877454,282520.29968774534,291965.65710567136,271937.69710567134,0.0,0.0,0.0686525035124021,0.0,137.57073544790862,0.1132342695408356,271937.69710567134,baseline
i88nw811,lusiana/capstone_tpu/i88nw811,oxsvuh5p,sweep/ppo/sb3/cpu/default/a0.1/baseline/s7777,finished,https://wandb.ai/lusiana/capstone_tpu/runs/oxsvuh5p,2026-03-16T02:27:01Z,8529.692612353,0,0,0,,0.1,100.0,0.0,0.15,True,True,baseline,340941.7898046945,317438.6698046944,328185.5337341634,305593.15373416344,0.0,0.0,0.0709483560344898,0.0,137.21682561970587,0.1186714838821206,305593.15373416344,baseline
i88nw811,lusiana/capstone_tpu/i88nw811,4unnwl9l,sweep/ppo/sb3/cpu/default/a0.7/baseline/s7777,finished,https://wandb.ai/lusiana/capstone_tpu/runs/4unnwl9l,2026-03-16T02:34:01Z,7780.065361146,0,0,0,,0.7,100.0,0.0,0.15,True,True,baseline,286859.8032779717,267231.9932779717,273198.5349293896,254530.3349293896,0.0,0.0,0.0694378534785247,0.0,137.6169536272908,0.1086813731317916,254530.3349293896,baseline
i88nw811,lusiana/capstone_tpu/i88nw811,qlfu6ts4,sweep/ppo/sb3/cpu/default/a0.1/baseline/s7777,finished,https://wandb.ai/lusiana/capstone_tpu/runs/qlfu6ts4,2026-03-16T02:46:52Z,8357.276406226,0,0,0,,0.1,100.0,0.0,0.3,True,True,baseline,340941.7898046945,317438.6698046944,328185.5337341634,305593.15373416344,0.0,0.0,0.0709483560344898,0.0,137.21682561970587,0.1186714838821206,305593.15373416344,baseline
i88nw811,lusiana/capstone_tpu/i88nw811,ya2bb56z,sweep/ppo/sb3/cpu/default/a1/baseline/s7777,finished,https://wandb.ai/lusiana/capstone_tpu/runs/ya2bb56z,2026-03-16T03:04:37Z,7161.126998896,0,0,0,,1.0,100.0,0.0,0.15,True,True,baseline,254537.24517731377,236935.99517731369,254471.2696855663,236912.16968556636,0.0,0.0,0.0703905833083271,0.0,136.6143424312229,0.1038838810036006,236912.16968556636,baseline
i88nw811,lusiana/capstone_tpu/i88nw811,9hrjmcaf,sweep/ppo/sb3/cpu/default/a0.1/baseline/s42,finished,https://wandb.ai/lusiana/capstone_tpu/runs/9hrjmcaf,2026-03-16T03:13:29Z,8543.819880598,5,1004,1,,0.1,100.0,0.0,0.15,True,True,baseline,345607.36851277394,321934.388512774,330271.9018417394,307619.2418417394,0.0,0.0,0.0688978199434404,0.0,137.65927138408344,0.1180576040723697,307619.2418417394,baseline
i88nw811,lusiana/capstone_tpu/i88nw811,bdz7jpg9,sweep/ppo/sb3/cpu/default/a0.4/baseline/s7777,finished,https://wandb.ai/lusiana/capstone_tpu/runs/bdz7jpg9,2026-03-16T03:19:29Z,8156.512730959,0,0,0,,0.4,100.0,0.0,0.15,True,True,baseline,313890.156459866,292317.566459866,301905.6061551721,281189.2661551722,0.0,0.0,0.0700585666613017,0.0,137.27393385978286,0.1140225013120235,281189.2661551722,baseline
i88nw811,lusiana/capstone_tpu/i88nw811,4e8bw9fr,sweep/ppo/sb3/cpu/default/a0.4/baseline/s7777,finished,https://wandb.ai/lusiana/capstone_tpu/runs/4e8bw9fr,2026-03-16T03:23:44Z,7900.988162577,0,0,0,,0.4,100.0,0.0,0.3,True,True,baseline,313890.156459866,292317.566459866,301905.6061551721,281189.2661551722,0.0,0.0,0.0700585666613017,0.0,137.27393385978286,0.1140225013120235,281189.2661551722,baseline
i88nw811,lusiana/capstone_tpu/i88nw811,rudposqg,sweep/ppo/sb3/cpu/default/a0.8/baseline/s7777,finished,https://wandb.ai/lusiana/capstone_tpu/runs/rudposqg,2026-03-16T04:16:36Z,7803.944972672,0,0,0,,0.8,100.0,0.0,0.15,True,True,baseline,277186.5585556976,258169.5585556976,260819.58418764165,242908.9641876417,0.0,0.0,0.0684627361221973,0.0,137.3260908975896,0.1077409453905398,242908.9641876417,baseline
i88nw811,lusiana/capstone_tpu/i88nw811,r24xwwl9,sweep/ppo/sb3/cpu/default/a0.1/baseline/s7777,finished,https://wandb.ai/lusiana/capstone_tpu/runs/r24xwwl9,2026-03-16T04:43:43Z,8571.635566955,0,0,0,,0.1,100.0,0.0,0.15,True,True,baseline,340941.7898046945,317438.6698046944,328185.5337341634,305593.15373416344,0.0,0.0,0.0709483560344898,0.0,137.21682561970587,0.1186714838821206,305593.15373416344,baseline
i88nw811,lusiana/capstone_tpu/i88nw811,34c0wzgt,sweep/ppo/sb3/cpu/default/a0.5/baseline/s42,finished,https://wandb.ai/lusiana/capstone_tpu/runs/34c0wzgt,2026-03-16T04:43:54Z,7912.776898111,0,0,0,,0.5,100.0,0.0,0.05,True,True,baseline,306631.1127310434,285624.6727310434,292140.0218133485,272205.32181334845,0.0,0.0,0.0706121906603894,0.0,137.48236407441985,0.112886126809283,272205.32181334845,baseline
i88nw811,lusiana/capstone_tpu/i88nw811,7bvonhab,sweep/ppo/sb3/cpu/default/a0.2/baseline/s42,finished,https://wandb.ai/lusiana/capstone_tpu/runs/7bvonhab,2026-03-16T04:59:24Z,8276.510250338,0,0,0,,0.2,100.0,0.0,0.15,True,True,baseline,333463.32883383776,310606.38883383776,322375.37087837915,300349.6308783791,0.0,0.0,0.0694238399850746,0.0,137.6206723870474,0.1176551945750585,300349.6308783791,baseline
i88nw811,lusiana/capstone_tpu/i88nw811,4f7j1z4p,sweep/ppo/sb3/cpu/default/a0/baseline/s42,finished,https://wandb.ai/lusiana/capstone_tpu/runs/4f7j1z4p,2026-03-16T05:37:06Z,8672.519975981,5,1004,1,,0.0,100.0,0.0,0.3,True,True,baseline,352771.72255003714,328513.3625500371,337718.8770159761,314393.4970159762,0.0,0.0,0.0709252720738168,0.0,137.49769422651883,0.1192149910017191,314393.4970159762,baseline
i88nw811,lusiana/capstone_tpu/i88nw811,c33cyjv9,sweep/ppo/sb3/cpu/default/a0.4/baseline/s42,finished,https://wandb.ai/lusiana/capstone_tpu/runs/c33cyjv9,2026-03-16T05:38:08Z,8164.154912737,0,0,0,,0.4,100.0,0.0,0.15,True,True,baseline,314792.9405088838,293199.96050888376,304000.02795477153,283160.5079547715,0.0,0.0,0.0706474903672308,0.0,137.54347765167836,0.1134114537317883,283160.5079547715,baseline
i88nw811,lusiana/capstone_tpu/i88nw811,i0pylqm1,sweep/ppo/sb3/cpu/default/a0.6/baseline/s7777,finished,https://wandb.ai/lusiana/capstone_tpu/runs/i0pylqm1,2026-03-16T05:54:46Z,7692.357589996,0,0,0,,0.6,100.0,0.0,0.15,True,True,baseline,293934.0132863448,273673.5532863448,278235.2158621181,259045.3158621181,0.0,0.0,0.0702286844227449,0.0,137.02187396075487,0.1108792101893818,259045.3158621181,baseline
i88nw811,lusiana/capstone_tpu/i88nw811,p1lrhc1t,sweep/ppo/sb3/cpu/default/a0.5/baseline/s1337,finished,https://wandb.ai/lusiana/capstone_tpu/runs/p1lrhc1t,2026-03-16T06:06:24Z,7906.656203638,0,0,0,,0.5,100.0,0.0,0.15,True,True,baseline,304711.516143744,283789.716143744,290536.18598250934,270609.3259825093,0.0,0.0,0.0700712626186499,0.0,137.43043602946972,0.1112796769387625,270609.3259825093,baseline
i88nw811,lusiana/capstone_tpu/i88nw811,lkhtnobk,sweep/ppo/sb3/cpu/default/a0.9/baseline/s1337,finished,https://wandb.ai/lusiana/capstone_tpu/runs/lkhtnobk,2026-03-16T06:25:11Z,7304.77470818,0,0,0,,0.9,100.0,0.0,0.3,True,True,baseline,269095.26288012683,250709.3028801269,257985.06236888352,240343.2023688835,0.0,0.0,0.0687681637998595,0.0,137.63174822647662,0.1040919495927453,240343.2023688835,baseline
i88nw811,lusiana/capstone_tpu/i88nw811,dvf0av6p,sweep/ppo/sb3/cpu/default/a0/baseline/s1337,finished,https://wandb.ai/lusiana/capstone_tpu/runs/dvf0av6p,2026-03-16T06:34:22Z,8568.236301103,0,0,0,,0.0,100.0,0.0,0.3,True,True,baseline,331626.71399641165,307929.2839964116,301903.22363424243,278909.22363424255,0.0,0.0,0.0699106903089938,0.0,134.44341240328637,0.1239456985672444,278909.22363424255,baseline
i88nw811,lusiana/capstone_tpu/i88nw811,k6dz4he1,sweep/ppo/sb3/cpu/default/a0/baseline/s1337,finished,https://wandb.ai/lusiana/capstone_tpu/runs/k6dz4he1,2026-03-16T06:38:33Z,8384.405275426,0,0,0,,0.0,100.0,0.0,0.05,True,True,baseline,331626.71399641165,307929.2839964116,301903.22363424243,278909.22363424255,0.0,0.0,0.0699106903089938,0.0,134.44341240328637,0.1239456985672444,278909.22363424255,baseline
i88nw811,lusiana/capstone_tpu/i88nw811,3afj9zm5,sweep/ppo/sb3/cpu/default/a0.4/baseline/s7777,finished,https://wandb.ai/lusiana/capstone_tpu/runs/3afj9zm5,2026-03-16T06:51:33Z,7947.433015786,0,0,0,,0.4,100.0,0.0,0.3,True,True,baseline,313890.156459866,292317.566459866,301905.6061551721,281189.2661551722,0.0,0.0,0.0700585666613017,0.0,137.27393385978286,0.1140225013120235,281189.2661551722,baseline
i88nw811,lusiana/capstone_tpu/i88nw811,lvlojvjv,sweep/ppo/sb3/cpu/default/a0.5/baseline/s7777,finished,https://wandb.ai/lusiana/capstone_tpu/runs/lvlojvjv,2026-03-16T07:17:09Z,8072.460782252,0,0,0,,0.5,100.0,0.0,0.05,True,True,baseline,305342.590984541,284402.02098454104,287794.11179162114,267934.8717916211,0.0,0.0,0.0698329564541014,0.0,137.34875112178105,0.1110975441706762,267934.8717916211,baseline
i88nw811,lusiana/capstone_tpu/i88nw811,e6xtq7h5,sweep/ppo/sb3/cpu/default/a0.5/baseline/s42,finished,https://wandb.ai/lusiana/capstone_tpu/runs/e6xtq7h5,2026-03-16T07:20:29Z,8062.476629606,0,0,0,,0.5,100.0,0.0,0.05,True,True,baseline,306631.1127310434,285624.6727310434,292140.0218133485,272205.32181334845,0.0,0.0,0.0706121906603894,0.0,137.48236407441985,0.112886126809283,272205.32181334845,baseline
i88nw811,lusiana/capstone_tpu/i88nw811,6yrs8xci,sweep/ppo/sb3/cpu/default/a0.6/baseline/s7777,finished,https://wandb.ai/lusiana/capstone_tpu/runs/6yrs8xci,2026-03-16T07:50:01Z,7609.609823102,0,0,0,,0.6,100.0,0.0,0.15,True,True,baseline,293934.0132863448,273673.5532863448,278235.2158621181,259045.3158621181,0.0,0.0,0.0702286844227449,0.0,137.02187396075487,0.1108792101893818,259045.3158621181,baseline
i88nw811,lusiana/capstone_tpu/i88nw811,16l3qjpm,sweep/ppo/sb3/cpu/default/a0/baseline/s7777,finished,https://wandb.ai/lusiana/capstone_tpu/runs/16l3qjpm,2026-03-16T07:50:41Z,8443.503878801,5,1004,1,,0.0,100.0,0.0,0.15,True,True,baseline,348861.1454509751,324713.0754509751,335967.6160126648,312660.3160126648,0.0,0.0,0.0674835742466741,0.0,136.8813175598437,0.118985751213389,312660.3160126648,baseline
i88nw811,lusiana/capstone_tpu/i88nw811,rg98ht1b,sweep/ppo/sb3/cpu/default/a0/baseline/s7777,finished,https://wandb.ai/lusiana/capstone_tpu/runs/rg98ht1b,2026-03-16T07:55:36Z,8843.938343818,5,1004,1,,0.0,100.0,0.0,0.05,True,True,baseline,348861.1454509751,324713.0754509751,335967.6160126648,312660.3160126648,0.0,0.0,0.0674835742466741,0.0,136.8813175598437,0.118985751213389,312660.3160126648,baseline
i88nw811,lusiana/capstone_tpu/i88nw811,mxd3i6wr,sweep/ppo/sb3/cpu/default/a0.2/baseline/s42,finished,https://wandb.ai/lusiana/capstone_tpu/runs/mxd3i6wr,2026-03-16T07:58:03Z,8393.28184472,0,0,0,,0.2,100.0,0.0,0.15,True,True,baseline,333463.32883383776,310606.38883383776,322375.37087837915,300349.6308783791,0.0,0.0,0.0694238399850746,0.0,137.6206723870474,0.1176551945750585,300349.6308783791,baseline
i88nw811,lusiana/capstone_tpu/i88nw811,0xvyhpg2,sweep/ppo/sb3/cpu/default/a0.9/baseline/s42,finished,https://wandb.ai/lusiana/capstone_tpu/runs/0xvyhpg2,2026-03-16T08:01:43Z,7441.092473369,0,0,0,,0.9,100.0,0.0,0.05,True,True,baseline,268129.28805568966,249777.98805568964,259354.03651639624,241657.8165163962,0.0,0.0,0.0692141212557269,0.0,137.56737533812094,0.1028102128114812,241657.8165163962,baseline
i88nw811,lusiana/capstone_tpu/i88nw811,eull6lat,sweep/ppo/sb3/cpu/default/a0.2/baseline/s42,finished,https://wandb.ai/lusiana/capstone_tpu/runs/eull6lat,2026-03-16T08:03:08Z,8338.76018915,0,0,0,,0.2,100.0,0.0,0.05,True,True,baseline,333463.32883383776,310606.38883383776,322375.37087837915,300349.6308783791,0.0,0.0,0.0694238399850746,0.0,137.6206723870474,0.1176551945750585,300349.6308783791,baseline
i88nw811,lusiana/capstone_tpu/i88nw811,5zekml75,sweep/ppo/sb3/cpu/default/a0.8/baseline/s1337,finished,https://wandb.ai/lusiana/capstone_tpu/runs/5zekml75,2026-03-16T08:06:29Z,7265.4990034,0,0,0,,0.8,100.0,0.0,0.15,True,True,baseline,277537.1135308166,258574.23353081665,260525.6140973399,242761.4740973399,0.0,0.0,0.0691119185711536,0.0,137.63850710873982,0.1055234893030045,242761.4740973399,baseline
i88nw811,lusiana/capstone_tpu/i88nw811,fed0y4px,sweep/ppo/sb3/cpu/default/a0.7/baseline/s7777,finished,https://wandb.ai/lusiana/capstone_tpu/runs/fed0y4px,2026-03-16T08:13:55Z,7800.555020283,0,0,0,,0.7,100.0,0.0,0.05,True,True,baseline,286859.8032779717,267231.9932779717,273198.5349293896,254530.3349293896,0.0,0.0,0.0694378534785247,0.0,137.6169536272908,0.1086813731317916,254530.3349293896,baseline
i88nw811,lusiana/capstone_tpu/i88nw811,byifn20j,sweep/ppo/sb3/cpu/default/a0.4/baseline/s1337,finished,https://wandb.ai/lusiana/capstone_tpu/runs/byifn20j,2026-03-16T08:20:55Z,8108.199462596,0,0,0,,0.4,100.0,0.0,0.3,True,True,baseline,316543.04043212667,294899.01043212664,299980.59649797506,279386.7564979751,0.0,0.0,0.067603468946279,0.0,137.7846896269947,0.1128739206843639,279386.7564979751,baseline
i88nw811,lusiana/capstone_tpu/i88nw811,35rb8529,sweep/ppo/sb3/cpu/default/a0.5/baseline/s1337,finished,https://wandb.ai/lusiana/capstone_tpu/runs/35rb8529,2026-03-16T08:24:52Z,7749.649896228,0,0,0,,0.5,100.0,0.0,0.05,True,True,baseline,304711.516143744,283789.716143744,290536.18598250934,270609.3259825093,0.0,0.0,0.0700712626186499,0.0,137.43043602946972,0.1112796769387625,270609.3259825093,baseline
i88nw811,lusiana/capstone_tpu/i88nw811,foinu2r1,sweep/ppo/sb3/cpu/default/a0.5/baseline/s42,finished,https://wandb.ai/lusiana/capstone_tpu/runs/foinu2r1,2026-03-16T08:51:50Z,7924.351691656,0,0,0,,0.5,100.0,0.0,0.05,True,True,baseline,306631.1127310434,285624.6727310434,292140.0218133485,272205.32181334845,0.0,0.0,0.0706121906603894,0.0,137.48236407441985,0.112886126809283,272205.32181334845,baseline
i88nw811,lusiana/capstone_tpu/i88nw811,nsg7m2ud,sweep/ppo/sb3/cpu/default/a0.5/baseline/s1337,finished,https://wandb.ai/lusiana/capstone_tpu/runs/nsg7m2ud,2026-03-16T09:06:10Z,7732.794663489,0,0,0,,0.5,100.0,0.0,0.3,True,True,baseline,303325.5596877454,282520.29968774534,291965.65710567136,271937.69710567134,0.0,0.0,0.0686525035124021,0.0,137.57073544790862,0.1132342695408356,271937.69710567134,baseline
i88nw811,lusiana/capstone_tpu/i88nw811,gpririem,sweep/ppo/sb3/cpu/default/a0.2/baseline/s42,finished,https://wandb.ai/lusiana/capstone_tpu/runs/gpririem,2026-03-16T09:20:57Z,8532.119121611,0,0,0,,0.2,100.0,0.0,0.3,True,True,baseline,333463.32883383776,310606.38883383776,322375.37087837915,300349.6308783791,0.0,0.0,0.0694238399850746,0.0,137.6206723870474,0.1176551945750585,300349.6308783791,baseline
i88nw811,lusiana/capstone_tpu/i88nw811,9bmbalnk,sweep/ppo/sb3/cpu/default/a0.7/baseline/s1337,finished,https://wandb.ai/lusiana/capstone_tpu/runs/9bmbalnk,2026-03-16T10:05:49Z,7576.93090345,0,0,0,,0.7,100.0,0.0,0.15,True,True,baseline,285875.15518050164,266287.2051805016,274356.50146499986,255620.24146499988,0.0,0.0,0.0711188680417482,0.0,137.42722406640746,0.1099719716550294,255620.24146499988,baseline
i88nw811,lusiana/capstone_tpu/i88nw811,9ma76sch,sweep/ppo/sb3/cpu/default/a0.1/baseline/s1337,finished,https://wandb.ai/lusiana/capstone_tpu/runs/9ma76sch,2026-03-16T10:23:59Z,8544.8427845,0,0,0,,0.1,100.0,0.0,0.3,True,True,baseline,341404.1205957663,317885.0305957663,329505.50925893825,306817.3492589383,0.0,0.0,0.0685274095002656,0.0,137.33021724658855,0.1206998447923596,306817.3492589383,baseline
i88nw811,lusiana/capstone_tpu/i88nw811,cvrztiyb,sweep/ppo/sb3/cpu/default/a0.2/baseline/s42,finished,https://wandb.ai/lusiana/capstone_tpu/runs/cvrztiyb,2026-03-16T10:27:26Z,8353.396268583,0,0,0,,0.2,100.0,0.0,0.3,True,True,baseline,333463.32883383776,310606.38883383776,322375.37087837915,300349.6308783791,0.0,0.0,0.0694238399850746,0.0,137.6206723870474,0.1176551945750585,300349.6308783791,baseline
i88nw811,lusiana/capstone_tpu/i88nw811,7z9spcc6,sweep/ppo/sb3/cpu/default/a0/baseline/s7777,finished,https://wandb.ai/lusiana/capstone_tpu/runs/7z9spcc6,2026-03-16T10:29:46Z,8444.449882423,5,1004,1,,0.0,100.0,0.0,0.3,True,True,baseline,348861.1454509751,324713.0754509751,335967.6160126648,312660.3160126648,0.0,0.0,0.0674835742466741,0.0,136.8813175598437,0.118985751213389,312660.3160126648,baseline
